Index,Customer Id,First Name,Last Name,Company,City,Country,Phone 1,Phone 2,Email,Subscription Date,Website
1,4962fdbE6Bfee6D,Pam,Sparks,Patel-Deleon,Blakemouth,British Indian Ocean Territory (Chagos Archipelago),267-243-9490x035,480-078-0535x889,nicolas00@faulkner-kramer.com,2020-11-29,https://nelson.com/
2,9b12Ae76fdBc9bE,Gina,Rocha,"Acosta, Paul and Barber",East Lynnchester,Costa Rica,027.142.0940,+1-752-593-4777x07171,yfarley@morgan.com,2021-01-03,https://pineda-rogers.biz/
3,39edFd2F60C85BC,Kristie,Greer,Ochoa PLC,West Pamela,Ecuador,+1-049-168-7497x5053,+1-311-216-7855,jennyhayden@petty.org,2021-06-20,https://mckinney.com/
4,Fa42AE6a9aD39cE,Arthur,Fields,Moyer-Wang,East Belinda,Afghanistan,001-653-754-7486x65787,521-630-3858x953,igrimes@ruiz-todd.org,2020-02-13,https://dominguez.biz/
5,F5702Edae925F1D,Michelle,Blevins,Shah and Sons,West Jared,Marshall Islands,8735278329,(633)283-6034x500,diamondcarter@jordan.com,2020-10-20,http://murillo-ryan.com/
6,9FBfbd34c3f30d9,Greg,Rivers,"Hendrix, Arias and Holmes",New Pedrohaven,Senegal,2382697028,822-449-7638,mannkiara@bowman.com,2020-02-19,https://www.richard.biz/
7,D31D38D576aB1Bf,Brian,Brandt,"Reed, Wiley and Oconnor",Rayville,Marshall Islands,608.531.0005x630,926-957-7052x6181,dlynn@palmer-morgan.com,2020-03-31,https://www.washington.org/
8,3C3B8bee16BcC5F,Dennis,Pacheco,Contreras-Brock,South Eugenehaven,Sri Lanka,+1-391-505-2358,076.454.1128,joy45@conner.org,2021-03-20,http://www.armstrong-golden.com/
9,7C1C93522Bd5e4B,Malik,Rivers,"Best, Washington and Jacobson",Mejiastad,Wallis and Futuna,001-366-285-9819x5924,852.896.9192x3681,stacydavis@spencer.com,2020-01-16,https://watson.com/
10,bABC8cBffe68792,Hayden,Riddle,Rogers-Dean,Kaitlynmouth,Cameroon,951.359.7028x94651,931.227.4541,danhouston@moon.net,2022-05-18,https://www.farley.net/
11,534a2B5FE8Aba5d,Edward,Wood,"Mckee, Schneider and Orozco",Kelseystad,Croatia,(932)069-3090x0566,037-375-9588x561,batesbill@jensen.net,2020-05-22,http://alvarez.com/
12,4baa94d4FaEbe9d,Julie,Stein,Fry Group,South Frankside,Macao,+1-918-017-3392x459,500-005-1315,sherry62@robinson.org,2020-01-17,https://carlson-johnston.com/
13,Fc2c8D2BE1AEfDb,Kristina,Andrade,Mann Ltd,Port Taraton,Pitcairn Islands,(640)067-7023x66846,001-367-405-8096x592,ivillarreal@fowler.biz,2020-09-11,https://foley.com/
14,9468BBc926AaAB3,Zoe,Hansen,Tanner PLC,Kimberlyfort,Benin,638-798-9796x0247,(265)475-2386x9812,duransheena@hughes.com,2021-10-09,https://franco-galloway.com/
15,BE96AcDDCc77da0,Joseph,Bennett,Stafford Group,Port Mathew,Peru,+1-597-363-0416x6579,900.196.1169x767,albertparsons@shea.com,2020-04-29,https://howard-boyer.net/
16,A24E162EBb6D97B,Vickie,Ferguson,Ward-Ferrell,Carlyport,Tunisia,(351)349-8170,+1-943-399-6212x1474,rita82@carey.com,2021-04-16,https://ashley-oneill.info/
17,f1a979d0Ed2dB14,Dillon,Frye,Short-Novak,Lake Kendraview,Colombia,+1-003-466-7005,001-253-461-6631x21150,housegreg@dillon.com,2021-11-29,http://www.young.com/
18,dCBC761B59e4EFB,Grace,Logan,Ellis-Williamson,Rochaborough,Kenya,1744624651,166-747-2389x97375,jodyeverett@potter.com,2020-02-11,https://www.knapp.net/
19,d0e6bb354BAeEEd,Sara,Dudley,Coffey Ltd,Lake Davestad,Guernsey,921.993.4487,(812)799-2828x896,beth75@noble.com,2021-10-16,https://padilla.info/
20,8Ace2d52a65faA6,Philip,Andersen,"Hays, Shea and Nguyen",Devonburgh,Morocco,001-820-882-1469x11915,(813)152-5505x275,reginaldavila@stanley.com,2020-02-04,http://patton-pineda.com/
21,479BDefDBe92D35,Meghan,Price,Pierce Group,Alvinhaven,Pitcairn Islands,596.742.1682x841,309.689.4293,debbie00@orozco.com,2020-03-08,https://downs-meyers.com/
22,A1505BF376CC5Ed,Aimee,Brooks,Walker Ltd,Mitchellview,Malaysia,112.920.9961x77753,471.896.6847x82788,chambersdanielle@good-cannon.com,2022-03-28,http://solis.org/
23,eeAAb881488E030,Sheryl,Stein,Gilmore and Sons,New Richard,Slovenia,+1-667-903-7674x078,454-844-4833,nsellers@winters.org,2021-09-23,http://black.com/
24,5b04Fa517bF3a85,Tony,Sanford,"Mcmahon, Ramirez and Bond",Joannshire,Iceland,+1-130-591-4818,(125)064-8330x702,zmcguire@cline.org,2022-02-22,https://mason.info/
25,dbCDD2A070edCb4,Johnny,Mcdaniel,"Prince, Cline and Horn",Ellisburgh,Bermuda,702-171-4248x7530,+1-166-984-6479,pbird@kirk.com,2021-07-20,https://morales-watson.org/
